firstName,lastName,sport,position,school_year,globalRating,school
Quincy,Crittendon,Football,QB,Freshman,66.50,Samford
Liam,Welch,Football,QB,Graduate,86.50,Samford
Asher,Morgan,Football,QB,Freshman,45.70,Samford
Michael,Maginnis,Football,QB,Freshman,57.50,Samford
Will,Hudson,Football,QB,Junior,34.27,Samford
David,Coleman,Football,QB,Freshman,87.50,Samford
Zak,Burnett,Football,QB,Freshman,62.75,Samford
Cade,Blackmon,Football,QB,Sophomore,77.40,Samford
Ty,Hatcher,Football,QB,Junior,33.90,Samford
Kourtian,Marsh,Football,CB,Sophomore,23.70,Samford
Coutrell,Plair,Football,CB,Graduate,73.40,Samford
Sylvaughn,Turner,Football,CB,Senior,63.80,Samford
Hakeem,Johnson,Football,CB,Senior,62.30,Samford
Bryson,Mullins,Football,CB,Freshman,56.20,Samford
Joshua,Carter,Football,CB,Senior,76.30,Samford
Keaton,Carter,Football,CB,Freshman,45.20,Samford
Jacob,Peters,Football,CB,Sophomore,64.10,Samford
Mithcell,Owen,Football,CB,Freshman,35.20,Samford
Miller,Karrh,Football,CB,Freshman,52.30,Samford
Teddy,Bullock,Football,CB,Freshman,65.20,Samford
P.J.,Macdonald,Football,RB,Freshman,23.10,Samford
DeMarcus,Ware,Football,RB,Senior,76.20,Samford
Jay,Stanton,Football,RB,Junior,23.60,Samford
Jocquet,Jiles,Football,RB,Junior,47.10,Samford
Ty,Boyles,Football,RB,Senior,65.10,Samford
DeAndre,Williams,Football,RB,Graduate,45.20,Samford
Dakota,Chapman,Football,RB,Graduate,57.10,Samford
John,Collins,Football,RB,Freshman,72.10,Samford
David,Coltrane,Football,LB,Freshman,62.10,Samford
Camden,Kuhn,Football,LB,Freshman,12.10,Samford
Nathan,East,Football,LB,Graduate,34.10,Samford
Copeland,Petitfils,Football,LB,Freshman,23.50,Samford
Josaih,Cotton,Football,LB,Sophomore,45.60,Samford
Noah,Martin,Football,LB,Sophomore,43.10,Samford
Trimarcus,Cheeks,Football,LB,Junior,34.60,Samford
Evan,Craighead,Football,LB,Freshman,26.70,Samford
Trent,Shedd,Football,LB,Junior,71.20,Samford
C.J.,Paymon,Football,LB,Sophomore,12.40,Samford
Thomas,Neville,Football,LB,Sophomore,56.20,Samford
Slade,Ziegler,Football,LB,Junior,56.80,Samford
Tate,Taylor,Football,LB,Freshman,56.10,Samford
Harrison,Saunders,Football,LB,Freshman,45.30,Samford
Montrell,Washington,Football,WR,Senior,89.60,Samford
J.R.,Tran-Reno,Football,WR,Junior,34.60,Samford
Lawson,Pratt,Football,WR,Freshman,67.30,Samford
Ty,King,Football,WR,Junior,64.20,Samford
Torrence,Pollard,Football,WR,Senior,63.50,Samford
Jai-Rus,Creamer,Football,WR,Senior,85.30,Samford
Carson,Goold,Football,WR,Freshman,56.30,Samford
Isaiah,Causey,Football,WR,Freshman,23.50,Samford
Bradley,Ellis,Football,WR,Junior,26.30,Samford
Caleb,Durham-Honer,Football,WR,Sophomore,53.10,Samford
Nick,speros,Football,WR,Freshman,72.30,Samford
Darius,Daniel,Football,WR,Sophomore,12.30,Samford
Peyton,Ringer,Football,WR,Junior,72.40,Samford
Deuce,Flowers,Football,WR,Freshman,71.40,Samford
Titus,Gardner,Football,WR,Junior,53.20,Samford
Kendall,Watson,Football,WR,Senior,84.20,Samford
Wesley,Carlock,Football,WR,Freshman,43.20,Samford
Jason,Houston,Football,WR,Sophomore,65.20,Samford
Bradley,Porcellato,Football,P,Senior,52.40,Samford
Coby,Neenan,Football,K,Senior,34.60,Samford
Henry,Bishop,Football,K,Freshman,54.20,Samford
Zach,Williams,Football,K,Junior,76.30,Samford
Midnight,Stward,Football,S,Freshman,43.50,Samford
Shelton,"Quarles Jr.",Football,S,Freshman,27.30,Samford
Ty,Herring,Football,S,Senior,12.70,Samford
J.T.,Swanson,Football,S,Freshman,64.20,Samford
Lamar,Anderson,Football,S,Senior,43.20,Samford
Jonathan,Moore,Football,S,Junior,25.60,Samford
Wade,White,Football,S,Sophomore,34.60,Samford
Chris,Edmonds,Football,S,Junior,72.70,Samford
Chase,Volpi,Football,S,Junior,23.50,Samford
Camden,Simons,Football,TE,Freshman,34.20,Samford
Nathan,Barham,Football,TE,Sophomore,36.40,Samford
Michael,Vice,Football,TE,Junior,17.40,Samford
Michael,Mitchler,Football,TE,Freshman,65.20,Samford
Joseph,Mera,Football,DE,Junior,49.20,Samford
Trey,Parker,Football,DE,Freshman,36.20,Samford
Jamal,Thompson,Football,DE,Freshman,23.50,Samford
J.T.,May,Football,DE,Sophomore,37.30,Samford
Kobe,Stewart,Football,DE,Freshman,56.20,Samford
Daniel,Bettis,Football,DE,Freshman,42.50,Samford
Nelson,Jordan,Football,DE,Senior,64.20,Samford
Johnny,Johnson,Football,DE,Freshman,75.20,Samford
Nick,Jackson,Football,DE,Sophomore,34.20,Samford
Tay,Berry,Football,DT,Senior,25.30,Samford
Rush,Boyett,Football,DT,Freshman,46.20,Samford
Brenden,Reed,Football,DT,Freshman,12.40,Samford
Justin,Hayes,Football,DT,Junior,65.20,Samford
Braedon,Royal,Football,DT,Junior,12.40,Samford
Francisco,Jimenez,Football,DT,Junior,86.20,Samford
Armond,Lloyd,Football,DT,Graduate,56.20,Samford
Seth,Simmer,Football,DT,Senior,25.30,Samford
William,Purdy,Football,OL,Freshman,26.20,Samford
Beau,Myers,Football,OL,Junior,34.60,Samford
Luke,Byrne,Football,OL,Sophomore,56.20,Samford
Cooper,Frazier,Football,OL,Sophomore,64.20,Samford
Chris,Noble,Football,OL,Sophomore,67.20,Samford
Jabari,Brooks,Football,OL,Sophomore,45.20,Samford
Zach,Bond,Football,OL,Sophomore,56.80,Samford
Austin,Guyse,Football,OL,Junior,73.50,Samford
Peter,Renkoski,Football,OL,Junior,34.20,Samford
J.D.,Beall,Football,OL,Senior,67.40,Samford
Jayson,Webb,Football,OL,Freshman,67.20,Samford
Gavin,Orr,Football,OL,Senior,68.30,Samford
Kasra,Bojnordi,Football,OL,Freshman,38.40,Samford
James,Motley-Simmons,Football,OL,Sophomore,49.70,Samford
Zach,Brown,Football,OL,Freshman,67.40,Samford
Chance,Butts,Football,OL,Sophomore,67.30,Samford
Donovan,Hawkins,Football,OL,Sophomore,67.20,Samford
Griffin,Hicks,Football,LS,Junior,88.30,Samford
Camren,Wood,Football,LS,Junior,89.60,Samford
Tyler,Russell,Football,LS,Graduate,56.80,Samford
Alex,Applefield,Football,LS,Freshman,67.90,Samford
